X-Values,Y-Values
3,0.074451432
5,0.133521964
10,0.201685668
25,0.333571236
50,0.500180895
100,0.873455119
250,1.639613776
500,2.543812196
1000,3.475053753
